mysql> use testdb;
Database changed

mysql> CREATE TABLE Employee (
    ->     EmployeeID INT PRIMARY KEY,               -- Unique identifier for each employee
    ->     FirstName VARCHAR(100) NOT NULL,           -- First name of the employee
    ->     LastName VARCHAR(100) NOT NULL,            -- Last name of the employee
    ->     DateOfBirth DATE NOT NULL,                 -- Date of birth of the employee
    ->     Gender VARCHAR(10) NOT NULL,               -- Gender of the employee
    ->     Email VARCHAR(100) NOT NULL,               -- Email address of the employee
    ->     PhoneNumber VARCHAR(15),                   -- Phone number of the employee
    ->     Address TEXT,                              -- Residential address of the employee
    ->     Position VARCHAR(50) NOT NULL,             -- Job title or position of the employee
    ->     JoiningDate DATE NOT NULL,                 -- Date when the employee joined the company
    ->     TerminationDate DATE                       -- Date when the employee left the company (nullable)
    -> );
Query OK, 0 rows affected (0.57 sec)

mysql> INSERT INTO Employee (EmployeeID, FirstName, LastName, DateOfBirth, Gender, Email, PhoneNumber, Address, Position, JoiningDate, TerminationDate)
    -> VALUES
    -> (1, 'John', 'Doe', '1990-05-15', 'Male', 'john.doe@example.com', '123-456-7890', '1234 Elm Street, Some City, Some Country', 'Software Engineer', '2020-03-01', NULL),
    -> (2, 'Jane', 'Smith', '1985-07-30', 'Female', 'jane.smith@example.com', '987-654-3210', '5678 Oak Avenue, Another City, Another Country', 'Product Manager', '2018-06-10', '2023-09-15'),
    -> (3, 'Robert', 'Johnson', '1992-11-22', 'Male', 'robert.johnson@example.com', '555-123-4567', '7890 Pine Road, Sample Town, Sample Country', 'Data Scientist', '2021-02-20', NULL),
    -> (4, 'Emily', 'Davis', '1988-03-05', 'Female', 'emily.davis@example.com', '555-987-6543', '2468 Maple Drive, Example City, Example Country', 'UX Designer', '2019-08-15', NULL);
Query OK, 4 rows affected (0.20 sec)
Records: 4  Duplicates: 0  Warnings: 0

mysql> select * from employee;
+------------+-----------+----------+-------------+--------+----------------------------+--------------+-------------------------------------------------+-------------------+-------------+-----------------+
| EmployeeID | FirstName | LastName | DateOfBirth | Gender | Email                      | PhoneNumber  | Address                                         | Position          | JoiningDate | TerminationDate |
+------------+-----------+----------+-------------+--------+----------------------------+--------------+-------------------------------------------------+-------------------+-------------+-----------------+
|          1 | John      | Doe      | 1990-05-15  | Male   | john.doe@example.com       | 123-456-7890 | 1234 Elm Street, Some City, Some Country        | Software Engineer | 2020-03-01  | NULL            |
|          2 | Jane      | Smith    | 1985-07-30  | Female | jane.smith@example.com     | 987-654-3210 | 5678 Oak Avenue, Another City, Another Country  | Product Manager   | 2018-06-10  | 2023-09-15      |
|          3 | Robert    | Johnson  | 1992-11-22  | Male   | robert.johnson@example.com | 555-123-4567 | 7890 Pine Road, Sample Town, Sample Country     | Data Scientist    | 2021-02-20  | NULL            |
|          4 | Emily     | Davis    | 1988-03-05  | Female | emily.davis@example.com    | 555-987-6543 | 2468 Maple Drive, Example City, Example Country | UX Designer       | 2019-08-15  | NULL            |
+------------+-----------+----------+-------------+--------+----------------------------+--------------+-------------------------------------------------+-------------------+-------------+-----------------+
4 rows in set (0.00 sec)

mysql> CREATE TABLE Payroll (
    ->     PayrollID INT PRIMARY KEY,                -- Unique identifier for each payroll record
    ->     EmployeeID INT,                           -- Foreign key referencing the Employee table
    ->     PayPeriodStartDate DATE NOT NULL,          -- Start date of the pay period
    ->     PayPeriodEndDate DATE NOT NULL,            -- End date of the pay period
    ->     BasicSalary DECIMAL(10, 2) NOT NULL,       -- Base salary for the pay period
    ->     OvertimePay DECIMAL(10, 2),                -- Additional pay for overtime hours
    ->     Deductions DECIMAL(10, 2),                 -- Total deductions for the pay period
    ->     NetSalary DECIMAL(10, 2) NOT NULL,         -- Net salary after deductions
    ->     FOREIGN KEY (EmployeeID) REFERENCES Employee(EmployeeID) -- Foreign key to the Employee table
    -> );
Query OK, 0 rows affected (0.54 sec)

mysql> INSERT INTO Payroll (PayrollID, EmployeeID, PayPeriodStartDate, PayPeriodEndDate, BasicSalary, OvertimePay, Deductions, NetSalary)
    -> VALUES
    -> (1, 1, '2025-01-01', '2025-01-15', 3000.00, 150.00, 200.00, 2950.00),
    -> (2, 2, '2025-01-01', '2025-01-15', 4000.00, 250.00, 300.00, 3950.00),
    -> (3, 3, '2025-01-01', '2025-01-15', 3500.00, 100.00, 150.00, 3450.00),
    -> (4, 4, '2025-01-01', '2025-01-15', 2800.00, 200.00, 100.00, 2900.00);
Query OK, 4 rows affected (0.15 sec)
Records: 4  Duplicates: 0  Warnings: 0

mysql> select * from payroll;
+-----------+------------+--------------------+------------------+-------------+-------------+------------+-----------+
| PayrollID | EmployeeID | PayPeriodStartDate | PayPeriodEndDate | BasicSalary | OvertimePay | Deductions | NetSalary |
+-----------+------------+--------------------+------------------+-------------+-------------+------------+-----------+
|         1 |          1 | 2025-01-01         | 2025-01-15       |     3000.00 |      150.00 |     200.00 |   2950.00 |
|         2 |          2 | 2025-01-01         | 2025-01-15       |     4000.00 |      250.00 |     300.00 |   3950.00 |
|         3 |          3 | 2025-01-01         | 2025-01-15       |     3500.00 |      100.00 |     150.00 |   3450.00 |
|         4 |          4 | 2025-01-01         | 2025-01-15       |     2800.00 |      200.00 |     100.00 |   2900.00 |
+-----------+------------+--------------------+------------------+-------------+-------------+------------+-----------+
4 rows in set (0.00 sec)

mysql> CREATE TABLE Tax (
    ->     TaxID INT PRIMARY KEY,                   -- Unique identifier for each tax record
    ->     EmployeeID INT,                          -- Foreign key referencing the Employee table
    ->     TaxYear INT NOT NULL,                    -- Year to which the tax information applies
    ->     TaxableIncome DECIMAL(10, 2) NOT NULL,    -- Income subject to taxation
    ->     TaxAmount DECIMAL(10, 2) NOT NULL,        -- Amount of tax to be paid
    ->     FOREIGN KEY (EmployeeID) REFERENCES Employee(EmployeeID)  -- Foreign key to the Employee table
    -> );
Query OK, 0 rows affected (0.30 sec)

mysql> INSERT INTO Tax (TaxID, EmployeeID, TaxYear, TaxableIncome, TaxAmount)
    -> VALUES
    -> (1, 1, 2025, 30000.00, 3000.00),
    -> (2, 2, 2025, 40000.00, 4000.00),
    -> (3, 3, 2025, 35000.00, 3500.00),
    -> (4, 4, 2025, 28000.00, 2800.00);
Query OK, 4 rows affected (0.19 sec)
Records: 4  Duplicates: 0  Warnings: 0

mysql> select * from tax;
+-------+------------+---------+---------------+-----------+
| TaxID | EmployeeID | TaxYear | TaxableIncome | TaxAmount |
+-------+------------+---------+---------------+-----------+
|     1 |          1 |    2025 |      30000.00 |   3000.00 |
|     2 |          2 |    2025 |      40000.00 |   4000.00 |
|     3 |          3 |    2025 |      35000.00 |   3500.00 |
|     4 |          4 |    2025 |      28000.00 |   2800.00 |
+-------+------------+---------+---------------+-----------+
4 rows in set (0.00 sec)

mysql> CREATE TABLE FinancialRecord (
    ->     RecordID INT PRIMARY KEY,                -- Unique identifier for each financial record
    ->     EmployeeID INT,                          -- Foreign key referencing the Employee table
    ->     RecordDate DATE NOT NULL,                -- Date of the financial record
    ->     Description VARCHAR(255) NOT NULL,       -- Description or category of the financial record
    ->     Amount DECIMAL(10, 2) NOT NULL,          -- Monetary amount of the record (income, expense, etc.)
    ->     RecordType VARCHAR(50) NOT NULL,         -- Type of financial record (income, expense, tax payment, etc.)
    ->     FOREIGN KEY (EmployeeID) REFERENCES Employee(EmployeeID)  -- Foreign key to the Employee table
    -> );
Query OK, 0 rows affected (0.10 sec)

mysql> INSERT INTO FinancialRecord (RecordID, EmployeeID, RecordDate, Description, Amount, RecordType)
    -> VALUES
    -> (1, 1, '2025-01-15', 'Salary Payment', 2500.00, 'Income'),
    -> (2, 2, '2025-01-20', 'Bonus Payment', 500.00, 'Income'),
    -> (3, 3, '2025-02-10', 'Tax Payment', 1500.00, 'Tax Payment'),
    -> (4, 4, '2025-03-05', 'Medical Reimbursement', 200.00, 'Expense'),
    -> (5, 1, '2025-03-25', 'Overtime Pay', 300.00, 'Income');
Query OK, 5 rows affected (0.12 sec)
Records: 5  Duplicates: 0  Warnings: 0

mysql> select * from financialrecord;
+----------+------------+------------+-----------------------+---------+-------------+
| RecordID | EmployeeID | RecordDate | Description           | Amount  | RecordType  |
+----------+------------+------------+-----------------------+---------+-------------+
|        1 |          1 | 2025-01-15 | Salary Payment        | 2500.00 | Income      |
|        2 |          2 | 2025-01-20 | Bonus Payment         |  500.00 | Income      |
|        3 |          3 | 2025-02-10 | Tax Payment           | 1500.00 | Tax Payment |
|        4 |          4 | 2025-03-05 | Medical Reimbursement |  200.00 | Expense     |
|        5 |          1 | 2025-03-25 | Overtime Pay          |  300.00 | Income      |
+----------+------------+------------+-----------------------+---------+-------------+
5 rows in set (0.00 sec)

mysql>










































































































